source_relative_path,normalized_file,category,document_type
Camilla de Hemodinamia Stille Q2\Manual de Usuario Incubadora Medix TR200.pdf,camilla_de_hemodinamia_stille_q2_manual_usuario_incubadora_medix_tr200.pdf,camilla_de_hemodinamia_stille_q2,manual_usuario
Camilla de Hemodinamia Stille Q2\Manual Técnico Incubadora Medix Natal Care (ST · MX · LX).pdf,camilla_de_hemodinamia_stille_q2_manual_tecnico_incubadora_medix_natal_care_st_mx_lx.pdf,camilla_de_hemodinamia_stille_q2,manual_tecnico
Camilla de Hemodinamia Stille Q2\Manual Técnico Incubadora Medix Natal Care LX.pdf,camilla_de_hemodinamia_stille_q2_manual_tecnico_incubadora_medix_natal_care_lx.pdf,camilla_de_hemodinamia_stille_q2,manual_tecnico
Camilla de Hemodinamia Stille Q2\Manual Técnico Incubadora Medix TR306.pdf,camilla_de_hemodinamia_stille_q2_manual_tecnico_incubadora_medix_tr306.pdf,camilla_de_hemodinamia_stille_q2,manual_tecnico
Camilla de Hemodinamia Stille Q2\Manual Usuario y Técnico Incubadora Medix TR 200.pdf,camilla_de_hemodinamia_stille_q2_manual_tecnico_incubadora_medix_tr_200.pdf,camilla_de_hemodinamia_stille_q2,manual_tecnico
draguer respirador\Draeger- VN500\1_3_Training_GS500_EN_01_2017.pdf,draguer_respirador_draeger_vn500_capacitacion_1_3_training_gs500_en_01_2017.pdf,draguer_respirador_draeger_vn500,capacitacion
draguer respirador\Draeger- VN500\2_1_Training_PS500_withM7_3plus_EN_06_2017.pdf,draguer_respirador_draeger_vn500_capacitacion_2_1_training_ps500_withm7_3plus_en_06_2017.pdf,draguer_respirador_draeger_vn500,capacitacion
draguer respirador\Draeger- VN500\3_9054521_01_Erg__GA_V-VN_PS500-Batt__en.pdf,draguer_respirador_draeger_vn500_manual_3_9054521_01_erg_ga_v_vn_ps500_batt_en.pdf,draguer_respirador_draeger_vn500,manual
draguer respirador\Draeger- VN500\9066667_BabyFlow_ES_finit.pdf,draguer_respirador_draeger_vn500_manual_9066667_babyflow_es_finit.pdf,draguer_respirador_draeger_vn500,manual
draguer respirador\Draeger- VN500\abreviaturas y simbolos Evita V300 - VN500.pdf,draguer_respirador_draeger_vn500_manual_abreviaturas_y_simbolos_evita_v300_vn500.pdf,draguer_respirador_draeger_vn500,manual
draguer respirador\Draeger- VN500\Brochure\cc_other_br_9066227_es.pdf,draguer_respirador_draeger_vn500_brochure_folleto_cc_other_br_9066227_es.pdf,draguer_respirador_draeger_vn500_brochure,folleto
draguer respirador\Draeger- VN500\Brochure\cc_other_br_9066343_es.pdf,draguer_respirador_draeger_vn500_brochure_folleto_cc_other_br_9066343_es.pdf,draguer_respirador_draeger_vn500_brochure,folleto
draguer respirador\Draeger- VN500\Brochure\cc_other_br_9066364_en.pdf,draguer_respirador_draeger_vn500_brochure_folleto_cc_other_br_9066364_en.pdf,draguer_respirador_draeger_vn500_brochure,folleto
draguer respirador\Draeger- VN500\Brochure\cc_other_br_9066465_es.pdf,draguer_respirador_draeger_vn500_brochure_folleto_cc_other_br_9066465_es.pdf,draguer_respirador_draeger_vn500_brochure,folleto
draguer respirador\Draeger- VN500\Brochure\PDF1805_Ad Babylog_VN500_Spanisch_30112009_k2.pdf,draguer_respirador_draeger_vn500_brochure_folleto_pdf1805_ad_babylog_vn500_spanisch_30112009_k2.pdf,draguer_respirador_draeger_vn500_brochure,folleto
draguer respirador\Draeger- VN500\entrar en servicio y copiar log errores recarga soft.pdf,draguer_respirador_draeger_vn500_manual_servicio_entrar_en_servicio_y_copiar_log_errores_recarga_soft.pdf,draguer_respirador_draeger_vn500,manual_servicio
draguer respirador\Draeger- VN500\Manual Usuario-vn500-es.pdf,draguer_respirador_draeger_vn500_manual_usuario_vn500_es.pdf,draguer_respirador_draeger_vn500,manual_usuario
draguer respirador\Draeger- VN500\other_VolumeGuarantee interview Dr.M.Keszler_en.pdf,draguer_respirador_draeger_vn500_manual_other_volumeguarantee_interview_dr_m_keszler_en.pdf,draguer_respirador_draeger_vn500,manual
Electrobisturi\Dispo_8155-14 manual kairos.pdf,electrobisturi_manual_dispo_8155_14_manual_kairos.pdf,electrobisturi,manual
Electrobisturi\Leep System 1000.pdf,electrobisturi_manual_leep_system_1000.pdf,electrobisturi,manual
Electrobisturi\LEEP-user-manual.pdf,electrobisturi_manual_usuario_leep_user_manual.pdf,electrobisturi,manual_usuario
Electrobisturi\Minicomp Kairos M-X ESU - Service manual 2 (es) (1).pdf,electrobisturi_manual_servicio_minicomp_kairos_m_x_esu_service_manual_2_es_1.pdf,electrobisturi,manual_servicio
Electrobisturi\Valleylab Force FX-C ESU - Service manual.pdf,electrobisturi_manual_servicio_valleylab_force_fx_c_esu.pdf,electrobisturi,manual_servicio
Electrobisturi\Valleylab_Force_FX-8c_Electrosurgical_Generator_-_Service_manual.pdf,electrobisturi_manual_servicio_valleylab_force_fx_8c_electrosurgical_generator.pdf,electrobisturi,manual_servicio
Fressenius 4008S -4008B\Service manual.pdf,fressenius_4008s_4008b_manual_servicio_service_manual.pdf,fressenius_4008s_4008b,manual_servicio
Leica TP1020\Manual de Servicio Procesador de Tejidos Leica TP 1020 (Inglés).pdf,leica_tp1020_manual_servicio_procesador_de_tejidos_leica_tp_1020_ingles.pdf,leica_tp1020,manual_servicio
Leica TP1020\Manual de Usuario Micrótomo de Rotación Leica RM2125 RTS.pdf,leica_tp1020_manual_usuario_microtomo_de_rotacion_leica_rm2125_rts.pdf,leica_tp1020,manual_usuario
Pimax\HD-67 Troubleshooting equipos rodantes MAC GMM V2.pdf,pimax_fallas_frecuentes_hd_67_troubleshooting_equipos_rodantes_mac_gmm_v2.pdf,pimax,fallas_frecuentes
Sterrad\Manual de Servicio Esterilizadora Sterrad 100 (Ing).pdf,sterrad_manual_servicio_esterilizadora_sterrad_100_ing.pdf,sterrad,manual_servicio
Ventiladores mecánicos\crossvent\IfU_Globe_Trotter_GT5400_Crossvent_2i__MU21764.pdf,ventiladores_mecanicos_crossvent_manual_usuario_ifu_globe_trotter_gt5400_crossvent_2i_mu21764.pdf,ventiladores_mecanicos_crossvent,manual_usuario
Ventiladores mecánicos\crossvent\manual Crossvent 3.pdf,ventiladores_mecanicos_crossvent_manual_crossvent_3.pdf,ventiladores_mecanicos_crossvent,manual
Ventiladores mecánicos\crossvent\Manual Crossvent_2 (1).pdf,ventiladores_mecanicos_crossvent_manual_crossvent_2_1.pdf,ventiladores_mecanicos_crossvent,manual
Ventiladores mecánicos\crossvent\Manual de servicio CrossVent - BIOMED Devices crossvent 4.pdf,ventiladores_mecanicos_crossvent_manual_servicio_crossvent_biomed_devices_crossvent_4.pdf,ventiladores_mecanicos_crossvent,manual_servicio
Ventiladores mecánicos\Datex Ohmeda\Datex-Ohmeda-Engstrom-VentilatorTechnical-Manual.pdf,ventiladores_mecanicos_datex_ohmeda_manual_tecnico_datex_ohmeda_engstrom_ventilatortechnical_manual.pdf,ventiladores_mecanicos_datex_ohmeda,manual_tecnico
Ventiladores mecánicos\Engstrom carestation\Guia Rapida para enfermeras.pdf,ventiladores_mecanicos_engstrom_carestation_guia_rapida_guia_rapida_para_enfermeras.pdf,ventiladores_mecanicos_engstrom_carestation,guia_rapida
Ventiladores mecánicos\Engstrom carestation\Manual de usuario Engstrom Carestation - ANEXO- ES.pdf,ventiladores_mecanicos_engstrom_carestation_manual_usuario_engstrom_carestation_anexo_es.pdf,ventiladores_mecanicos_engstrom_carestation,manual_usuario
Ventiladores mecánicos\Engstrom carestation\Manual de usuario Engstrom Carestation - ES.pdf,ventiladores_mecanicos_engstrom_carestation_manual_usuario_engstrom_carestation_es.pdf,ventiladores_mecanicos_engstrom_carestation,manual_usuario
Ventiladores mecánicos\Engstrom carestation\Manual Service Engstrom.pdf,ventiladores_mecanicos_engstrom_carestation_manual_servicio_engstrom.pdf,ventiladores_mecanicos_engstrom_carestation,manual_servicio
Ventiladores mecánicos\Engstrom carestation\Ventilacion No Invasiva.pdf,ventiladores_mecanicos_engstrom_carestation_manual_ventilacion_no_invasiva.pdf,ventiladores_mecanicos_engstrom_carestation,manual
Ventiladores mecánicos\Introduccion-Newport-HT-70-Plus.pdf,ventiladores_mecanicos_capacitacion_introduccion_newport_ht_70_plus.pdf,ventiladores_mecanicos,capacitacion
Ventiladores mecánicos\LEISTUNG\5. Nivel 3 Terapia fallas frecuentes - fuga (1).pdf,ventiladores_mecanicos_leistung_fallas_frecuentes_5_nivel_3_terapia_fallas_frecuentes_fuga_1.pdf,ventiladores_mecanicos_leistung,fallas_frecuentes
Ventiladores mecánicos\LEISTUNG\6. Nivel 3 Terapia fallas frecuentes - presion (1).pdf,ventiladores_mecanicos_leistung_fallas_frecuentes_6_nivel_3_terapia_fallas_frecuentes_presion_1.pdf,ventiladores_mecanicos_leistung,fallas_frecuentes
Ventiladores mecánicos\LEISTUNG\7. Nivel 3 Terapia fallas frecuentes - flujo (2).pdf,ventiladores_mecanicos_leistung_fallas_frecuentes_7_nivel_3_terapia_fallas_frecuentes_flujo_2.pdf,ventiladores_mecanicos_leistung,fallas_frecuentes
Ventiladores mecánicos\LEISTUNG\L3APNMU--B Manual de usuario LUFT3APN-AP (1).pdf,ventiladores_mecanicos_leistung_manual_usuario_l3apnmu_b_manual_de_usuario_luft3apn_ap_1.pdf,ventiladores_mecanicos_leistung,manual_usuario
Ventiladores mecánicos\Manual de Calibración Neumovent Graph.pdf,ventiladores_mecanicos_calibracion_de_calibracion_neumovent_graph.pdf,ventiladores_mecanicos,calibracion
Ventiladores mecánicos\Manual Técnico Ventilador Engström (Español).pdf,ventiladores_mecanicos_manual_tecnico_ventilador_engstrom_espanol.pdf,ventiladores_mecanicos,manual_tecnico
Ventiladores mecánicos\Manual Técnico Ventilador GE Engström (Aleman).pdf,ventiladores_mecanicos_manual_tecnico_ventilador_ge_engstrom_aleman.pdf,ventiladores_mecanicos,manual_tecnico
Ventiladores mecánicos\Manual Técnico Ventilador GE Engström.pdf,ventiladores_mecanicos_manual_tecnico_ventilador_ge_engstrom.pdf,ventiladores_mecanicos,manual_tecnico
Ventiladores mecánicos\Manual Técnico Ventilador Neumovent GraphNet Neo TS.pdf,ventiladores_mecanicos_manual_tecnico_ventilador_neumovent_graphnet_neo_ts.pdf,ventiladores_mecanicos,manual_tecnico
Ventiladores mecánicos\manualtcniconeumovent\CALIBRACÍON.pdf,ventiladores_mecanicos_manualtcniconeumovent_calibracion_calibracion.pdf,ventiladores_mecanicos_manualtcniconeumovent,calibracion
Ventiladores mecánicos\manualtcniconeumovent\Manual tecnico NV-Graph Rev-03.pdf,ventiladores_mecanicos_manualtcniconeumovent_manual_tecnico_nv_graph_rev_03.pdf,ventiladores_mecanicos_manualtcniconeumovent,manual_tecnico
Ventiladores mecánicos\manualtcniconeumovent\MANUALTECNICO BEBE Rev-01.pdf,ventiladores_mecanicos_manualtcniconeumovent_manual_tecnico_manualtecnico_bebe_rev_01.pdf,ventiladores_mecanicos_manualtcniconeumovent,manual_tecnico
Ventiladores mecánicos\manualtcniconeumovent\pdfcoffee.com_manual-tecnico-neumovent-advance-neo-ts-2-pdf-free.pdf,ventiladores_mecanicos_manualtcniconeumovent_manual_tecnico_pdfcoffee_com_manual_tecnico_neumovent_advance_neo_ts_2_pdf_free.pdf,ventiladores_mecanicos_manualtcniconeumovent,manual_tecnico
Ventiladores mecánicos\manualtcniconeumovent\Tecme GraphNet Ventilator - Service manual (es).pdf,ventiladores_mecanicos_manualtcniconeumovent_manual_servicio_tecme_graphnet_ventilator_service_manual_es.pdf,ventiladores_mecanicos_manualtcniconeumovent,manual_servicio
Ventiladores mecánicos\Maquet\Maquet Servo I Service Manual 2 of 2.pdf,ventiladores_mecanicos_maquet_manual_servicio_maquet_servo_i_service_manual_2_of_2.pdf,ventiladores_mecanicos_maquet,manual_servicio
Ventiladores mecánicos\Maquet\Maquet-Servo-i-Service-Manual.pdf,ventiladores_mecanicos_maquet_manual_servicio_maquet_servo_i.pdf,ventiladores_mecanicos_maquet,manual_servicio
Ventiladores mecánicos\Neumovent\Manual-de-usuario-Neumovent-advance-ts-neo.pdf,ventiladores_mecanicos_neumovent_manual_usuario_neumovent_advance_ts_neo.pdf,ventiladores_mecanicos_neumovent,manual_usuario
Ventiladores mecánicos\Neumovent\Neumovent GraphNet Neo TS Ventilator - Service manual (es).pdf,ventiladores_mecanicos_neumovent_manual_servicio_neumovent_graphnet_neo_ts_ventilator_service_manual_es.pdf,ventiladores_mecanicos_neumovent,manual_servicio
Ventiladores mecánicos\Newport HT-70 Ventilator - Service manual.pdf,ventiladores_mecanicos_manual_servicio_newport_ht_70_ventilator.pdf,ventiladores_mecanicos,manual_servicio
Ventiladores mecánicos\respimeradores.pdf,ventiladores_mecanicos_manual_respimeradores.pdf,ventiladores_mecanicos,manual
