source_file,equipo,modelo,tipo_documento,prioridad_fuente,decision_curaduria,idioma,estado_producto,motivo_decision,archivo_original,ruta_original,alerta_automatica
manual_tecnico_y_de_mantenimiento_agitador_presvac_ae_500_a.md,Agitador Presvac AE-500,Agitador Presvac AE-500,manual_tecnico,A,incluir,espanol,validado,"Manual tecnico/servicio; fuente prioritaria para mantenimiento, fallas y procedimientos.",Manual Técnico y de Mantenimiento Agitador Presvac AE-500 A.pdf,Manuales-20260528T010304Z-3-001/Manuales/Agitador Presvac AE500/Manual Técnico y de Mantenimiento Agitador Presvac AE-500 A.pdf,Sin alerta automática
checklist_bilirrubinometro_drager_jm_105.md,Ventilador Draeger VN500,Bilirrubinometro Drager JM-105,sin_clasificar,C,revisar,ingles,pendiente,Tipo documental no clasificado; requiere revision manual antes de activar.,Checklist Bilirrubinómetro Dräger JM-105.pdf,Manuales-20260528T010304Z-3-001/Manuales/Bilirrubinometro/Checklist Bilirrubinómetro Dräger JM-105.pdf,Sin alerta automática
manual_de_usuario_bilirrubinometro_drager_jm_105.md,Ventilador Draeger VN500,Bilirrubinometro Drager JM-105,manual_usuario,B,incluir,espanol,validado,Manual de usuario; fuente util para operador/usuario y operacion segura.,Manual de Usuario Bilirrubinómetro Dräger JM-105.pdf,Manuales-20260528T010304Z-3-001/Manuales/Bilirrubinometro/Manual de Usuario Bilirrubinómetro Dräger JM-105.pdf,Sin alerta automática
manual_tecnico_bilirrubinometro_drager_jm_105_espanol.md,Ventilador Draeger VN500,Bilirrubinometro Drager JM-105,manual_tecnico,A,incluir,espanol,validado,"Manual tecnico/servicio; fuente prioritaria para mantenimiento, fallas y procedimientos.",Manual Técnico Bilirrubinómetro Dräger JM-105 (Español).pdf,Manuales-20260528T010304Z-3-001/Manuales/Bilirrubinometro/Manual Técnico Bilirrubinómetro Dräger JM-105 (Español).pdf,Sin alerta automática
material_educativo_bilirrubinometro_drager_jm_105_ingles.md,Ventilador Draeger VN500,Bilirrubinometro Drager JM-105,sin_clasificar,C,revisar,ingles,pendiente,Tipo documental no clasificado; requiere revision manual antes de activar.,Material Educativo Bilirrubinómetro Dräger JM-105 (Inglés).pdf,Manuales-20260528T010304Z-3-001/Manuales/Bilirrubinometro/Material Educativo Bilirrubinómetro Dräger JM-105 (Inglés).pdf,Sin alerta automática
manual_de_servicio_cabina_microbiologica_euroclone_safemate_ez_ing.md,Cabina Microbiologica Euroclone SafeMate EZ,Cabina Microbiologica Euroclone SafeMate EZ,manual_servicio,A,incluir,ingles,validado,"Manual tecnico/servicio; fuente prioritaria para mantenimiento, fallas y procedimientos.",Manual de Servicio Cabina Microbiológica EuroClone Safemate EZ (Ing).pdf,Manuales-20260528T010304Z-3-001/Manuales/Cabina de bioseguridad/Manual de Servicio Cabina Microbiológica EuroClone Safemate EZ (Ing).pdf,Sin alerta automática
manual_de_usuario_y_tecnico_cama_linet_eleganza_1.md,Cama Electronica Linet Eleganza 1,Cama Electronica Linet Eleganza 1,manual_usuario,B,incluir,espanol,validado,Manual de usuario; fuente util para operador/usuario y operacion segura.,Manual de Usuario y Técnico Cama Linet Eleganza 1.pdf,Manuales-20260528T010304Z-3-001/Manuales/Camas electrónicas/Manual de Usuario y Técnico Cama Linet Eleganza 1.pdf,Sin alerta automática
manual_tecnico_cama_pardo_hitech_act.md,Cama Electronica Pardo Hitech ACT,Cama Electronica Pardo Hitech ACT,manual_tecnico,A,incluir,espanol,validado,"Manual tecnico/servicio; fuente prioritaria para mantenimiento, fallas y procedimientos.",Manual Técnico Cama Pardo HiTech ACT.pdf,Manuales-20260528T010304Z-3-001/Manuales/Camas electrónicas/Manual Técnico Cama Pardo HiTech ACT.pdf,Sin alerta automática
manual_tecnico_cama_pardo_komplet.md,Cama Electronica Pardo Komplet,Cama Electronica Pardo Komplet,manual_tecnico,A,incluir,espanol,validado,"Manual tecnico/servicio; fuente prioritaria para mantenimiento, fallas y procedimientos.",Manual Técnico Cama Pardo Komplet.pdf,Manuales-20260528T010304Z-3-001/Manuales/Camas electrónicas/Manual Técnico Cama Pardo Komplet.pdf,Sin alerta automática
manual_de_usuario_incubadora_medix_tr200.md,Incubadora Medix TR200,Incubadora Medix TR200,manual_usuario,B,revisar,espanol,pendiente,Manual de usuario; fuente util para operador/usuario y operacion segura. Requiere revision OCR antes de considerarse fuente confiable.,Manual de Usuario Incubadora Medix TR200.pdf,Manuales-20260528T010304Z-3-001/Manuales/Camilla de Hemodinamia Stille Q2/Manual de Usuario Incubadora Medix TR200.pdf,Requiere revision OCR
manual_tecnico_incubadora_medix_natal_care_st_mx_lx.md,Natal Care ST/MX/LX,Natal Care ST/MX/LX,manual_tecnico,A,revisar,espanol,pendiente,"Manual tecnico/servicio; fuente prioritaria para mantenimiento, fallas y procedimientos. Requiere revision OCR antes de considerarse fuente confiable.",Manual Técnico Incubadora Medix Natal Care (ST · MX · LX).pdf,Manuales-20260528T010304Z-3-001/Manuales/Camilla de Hemodinamia Stille Q2/Manual Técnico Incubadora Medix Natal Care (ST · MX · LX).pdf,Requiere revision OCR
manual_tecnico_incubadora_medix_natal_care_lx.md,Natal Care ST/MX/LX,Natal Care ST/MX/LX,duplicado,C,excluir,espanol,pendiente,Documento marcado como duplicado; no se ingesta hasta confirmar necesidad.,Manual Técnico Incubadora Medix Natal Care LX.pdf,Manuales-20260528T010304Z-3-001/Manuales/Camilla de Hemodinamia Stille Q2/Manual Técnico Incubadora Medix Natal Care LX.pdf,Duplicado exacto
manual_tecnico_incubadora_medix_tr306.md,Incubadora Medix TR306,Incubadora Medix TR306,manual_tecnico,A,revisar,ingles,pendiente,"Manual tecnico/servicio; fuente prioritaria para mantenimiento, fallas y procedimientos. Requiere revision OCR antes de considerarse fuente confiable.",Manual Técnico Incubadora Medix TR306.pdf,Manuales-20260528T010304Z-3-001/Manuales/Camilla de Hemodinamia Stille Q2/Manual Técnico Incubadora Medix TR306.pdf,Requiere revision OCR
manual_usuario_y_tecnico_incubadora_medix_tr_200.md,Medix,,duplicado,C,excluir,espanol,pendiente,Documento marcado como duplicado; no se ingesta hasta confirmar necesidad.,Manual Usuario y Técnico Incubadora Medix TR 200.pdf,Manuales-20260528T010304Z-3-001/Manuales/Camilla de Hemodinamia Stille Q2/Manual Usuario y Técnico Incubadora Medix TR 200.pdf,Duplicado exacto
manual_de_servicio_desfibrilador_monitor_beneheart_d3_d2_ingles.md,Desfibrilador Monitor Mindray BeneHeart D3/D2,Desfibrilador Monitor Mindray BeneHeart D3/D2,manual_servicio,A,revisar,ingles,pendiente,"Manual tecnico/servicio; fuente prioritaria para mantenimiento, fallas y procedimientos. Requiere revision OCR antes de considerarse fuente confiable.",Manual de Servicio Desfibrilador - Monitor Beneheart D3 · D2 (Inglés).pdf,Manuales-20260528T010304Z-3-001/Manuales/Desfibrrilador mindray beneheart D3/Manual de Servicio Desfibrilador - Monitor Beneheart D3 · D2 (Inglés).pdf,Requiere revision OCR
mtm_af_500_manual_tecnico_y_mantenimiento_v5_0_2020_02_27.md,Dinan,,manual_tecnico,A,incluir,espanol,validado,"Manual tecnico/servicio; fuente prioritaria para mantenimiento, fallas y procedimientos.",MTM.AF-500_Manual Técnico y Mantenimiento_v5.0_2020-02-27.pdf,Manuales-20260528T010304Z-3-001/Manuales/Dinan/500/MTM.AF-500_Manual Técnico y Mantenimiento_v5.0_2020-02-27.pdf,Sin alerta automática
mu_af_500_dr_version_v05_manual_de_usuario_v1_0_2024_09_09.md,Equipo de Rayos X Dinan AF500,Equipo de Rayos X Dinan AF500,manual_usuario,B,incluir,espanol,validado,Manual de usuario; fuente util para operador/usuario y operacion segura.,MU.AF-500 DR VERSION V05 Manual de Usuario_v1.0_2024-09-09.pdf,Manuales-20260528T010304Z-3-001/Manuales/Dinan/500/MU.AF-500 DR VERSION V05 Manual de Usuario_v1.0_2024-09-09.pdf,Sin alerta automática
mu_dr_console_af_500_manual_de_usuario_v1_0_2024_09_09.md,Equipo de Rayos X Dinan AF500,Equipo de Rayos X Dinan AF500,manual_usuario,B,incluir,espanol,validado,Manual de usuario; fuente util para operador/usuario y operacion segura.,MU.DR Console AF-500. Manual de Usuario_v1.0_2024-09-09.pdf,Manuales-20260528T010304Z-3-001/Manuales/Dinan/500/MU.DR Console AF-500. Manual de Usuario_v1.0_2024-09-09.pdf,Sin alerta automática
mu_sm500_manual_de_usuario_v1_0_2024_09_09.md,Equipo de Rayos X Dinan AF500,Equipo de Rayos X Dinan AF500,manual_usuario,B,incluir,espanol,validado,Manual de usuario; fuente util para operador/usuario y operacion segura.,MU.SM500.Manual de Usuario_v1.0_2024-09-09.pdf,Manuales-20260528T010304Z-3-001/Manuales/Dinan/500/MU.SM500.Manual de Usuario_v1.0_2024-09-09.pdf,Sin alerta automática
1_3_training_gs500_en_01_2017.md,Ventilador Draeger VN500,Respirador Draeger - VN500,sin_clasificar,C,revisar,ingles,pendiente,Tipo documental no clasificado; requiere revision manual antes de activar.,1_3_Training_GS500_EN_01_2017.pdf,Manuales-20260528T010304Z-3-001/Manuales/draguer respirador/Draeger- VN500/1_3_Training_GS500_EN_01_2017.pdf,Sin alerta automática
2_1_training_ps500_withm7_3plus_en_06_2017.md,Ventilador Draeger VN500,Respirador Draeger - VN500,sin_clasificar,C,revisar,ingles,pendiente,Tipo documental no clasificado; requiere revision manual antes de activar.,2_1_Training_PS500_withM7_3plus_EN_06_2017.pdf,Manuales-20260528T010304Z-3-001/Manuales/draguer respirador/Draeger- VN500/2_1_Training_PS500_withM7_3plus_EN_06_2017.pdf,Sin alerta automática
3_9054521_01_erg_ga_v_vn_ps500_batt_en.md,Ventilador Draeger VN500,Respirador Draeger - VN500,sin_clasificar,C,revisar,ingles,pendiente,Tipo documental no clasificado; requiere revision manual antes de activar.,3_9054521_01_Erg__GA_V-VN_PS500-Batt__en.pdf,Manuales-20260528T010304Z-3-001/Manuales/draguer respirador/Draeger- VN500/3_9054521_01_Erg__GA_V-VN_PS500-Batt__en.pdf,Sin alerta automática
9066667_babyflow_es_finit.md,Ventilador Draeger VN500,Respirador Draeger - VN500,sin_clasificar,C,revisar,espanol,pendiente,Tipo documental no clasificado; requiere revision manual antes de activar.,9066667_BabyFlow_ES_finit.pdf,Manuales-20260528T010304Z-3-001/Manuales/draguer respirador/Draeger- VN500/9066667_BabyFlow_ES_finit.pdf,Sin alerta automática
abreviaturas_y_simbolos_evita_v300_vn500.md,Ventilador Draeger VN500,Respirador Draeger - VN500,sin_clasificar,C,revisar,indeterminado,pendiente,Tipo documental no clasificado; requiere revision manual antes de activar. Idioma indeterminado; requiere validacion.,abreviaturas y simbolos Evita V300 - VN500.pdf,Manuales-20260528T010304Z-3-001/Manuales/draguer respirador/Draeger- VN500/abreviaturas y simbolos Evita V300 - VN500.pdf,Sin alerta automática
02_cc_other_intern_vn500_differences_en.md,Ventilador Draeger VN500,Respirador Draeger - VN500,sin_clasificar,C,revisar,indeterminado,pendiente,Tipo documental no clasificado; requiere revision manual antes de activar. Idioma indeterminado; requiere validacion.,02 cc_other_intern_VN500 differences_en.ppt,Manuales-20260528T010304Z-3-001/Manuales/draguer respirador/Draeger- VN500/Aplication Training/02 cc_other_intern_VN500 differences_en.ppt,Sin alerta automática
03_cc_other_intern_mounting_v500_vn500_en.md,Ventilador Draeger VN500,Respirador Draeger - VN500,sin_clasificar,C,revisar,indeterminado,pendiente,Tipo documental no clasificado; requiere revision manual antes de activar. Idioma indeterminado; requiere validacion.,03 cc_other_intern_mounting V500_VN500_en.ppt,Manuales-20260528T010304Z-3-001/Manuales/draguer respirador/Draeger- VN500/Aplication Training/03 cc_other_intern_mounting V500_VN500_en.ppt,Sin alerta automática
04_cc_other_intern_vn500_hfo_en.md,Ventilador Draeger VN500,Respirador Draeger - VN500,sin_clasificar,C,revisar,indeterminado,pendiente,Tipo documental no clasificado; requiere revision manual antes de activar. Idioma indeterminado; requiere validacion.,04 cc_other_intern_VN500 HFO_en.ppt,Manuales-20260528T010304Z-3-001/Manuales/draguer respirador/Draeger- VN500/Aplication Training/04 cc_other_intern_VN500 HFO_en.ppt,Sin alerta automática
05_cc_other_intern_vn500_introduction_en.md,Ventilador Draeger VN500,Respirador Draeger - VN500,sin_clasificar,C,revisar,indeterminado,pendiente,Tipo documental no clasificado; requiere revision manual antes de activar. Idioma indeterminado; requiere validacion.,05 cc_other_intern_VN500 introduction_en.ppt,Manuales-20260528T010304Z-3-001/Manuales/draguer respirador/Draeger- VN500/Aplication Training/05 cc_other_intern_VN500 introduction_en.ppt,Sin alerta automática
06_cc_other_intern_vn500_new_modes_en.md,Ventilador Draeger VN500,Respirador Draeger - VN500,sin_clasificar,C,revisar,indeterminado,pendiente,Tipo documental no clasificado; requiere revision manual antes de activar. Idioma indeterminado; requiere validacion.,06 cc_other_intern_VN500 new modes_en.ppt,Manuales-20260528T010304Z-3-001/Manuales/draguer respirador/Draeger- VN500/Aplication Training/06 cc_other_intern_VN500 new modes_en.ppt,Sin alerta automática
07_cc_other_intern_vn500_spv_en.md,Ventilador Draeger VN500,Respirador Draeger - VN500,sin_clasificar,C,revisar,indeterminado,pendiente,Tipo documental no clasificado; requiere revision manual antes de activar. Idioma indeterminado; requiere validacion.,07 cc_other_intern_VN500 SPV_en.ppt,Manuales-20260528T010304Z-3-001/Manuales/draguer respirador/Draeger- VN500/Aplication Training/07 cc_other_intern_VN500 SPV_en.ppt,Sin alerta automática
cc_other_new_openbreathing_en.md,Ventilador Draeger VN500,Respirador Draeger - VN500,sin_clasificar,C,revisar,indeterminado,pendiente,Tipo documental no clasificado; requiere revision manual antes de activar. Idioma indeterminado; requiere validacion.,cc_other_new_openbreathing_en.ppt,Manuales-20260528T010304Z-3-001/Manuales/draguer respirador/Draeger- VN500/Aplication Training/cc_other_new_openbreathing_en.ppt,Sin alerta automática
cc_other_news_aprv_en.md,Ventilador Draeger VN500,Respirador Draeger - VN500,sin_clasificar,C,revisar,indeterminado,pendiente,Tipo documental no clasificado; requiere revision manual antes de activar. Idioma indeterminado; requiere validacion.,cc_other_news_aprv_en.ppt,Manuales-20260528T010304Z-3-001/Manuales/draguer respirador/Draeger- VN500/Aplication Training/cc_other_news_aprv_en.ppt,Sin alerta automática
cc_other_news_aprv_recruit_en.md,Ventilador Draeger VN500,Respirador Draeger - VN500,sin_clasificar,C,revisar,indeterminado,pendiente,Tipo documental no clasificado; requiere revision manual antes de activar. Idioma indeterminado; requiere validacion.,cc_other_news_aprv_recruit_en .ppt,Manuales-20260528T010304Z-3-001/Manuales/draguer respirador/Draeger- VN500/Aplication Training/cc_other_news_aprv_recruit_en .ppt,Sin alerta automática
cc_other_news_ardsnet_en.md,Ventilador Draeger VN500,Respirador Draeger - VN500,sin_clasificar,C,revisar,indeterminado,pendiente,Tipo documental no clasificado; requiere revision manual antes de activar. Idioma indeterminado; requiere validacion.,cc_other_news_ardsnet_en.ppt,Manuales-20260528T010304Z-3-001/Manuales/draguer respirador/Draeger- VN500/Aplication Training/cc_other_news_ardsnet_en.ppt,Sin alerta automática
cc_other_news_atc_en.md,Ventilador Draeger VN500,Respirador Draeger - VN500,sin_clasificar,C,revisar,indeterminado,pendiente,Tipo documental no clasificado; requiere revision manual antes de activar. Idioma indeterminado; requiere validacion.,cc_other_news_atc_en.ppt,Manuales-20260528T010304Z-3-001/Manuales/draguer respirador/Draeger- VN500/Aplication Training/cc_other_news_atc_en.ppt,Sin alerta automática
cc_other_news_autoflow_en.md,Ventilador Draeger VN500,Respirador Draeger - VN500,sin_clasificar,C,revisar,indeterminado,pendiente,Tipo documental no clasificado; requiere revision manual antes de activar. Idioma indeterminado; requiere validacion.,cc_other_news_autoflow_en.ppt,Manuales-20260528T010304Z-3-001/Manuales/draguer respirador/Draeger- VN500/Aplication Training/cc_other_news_autoflow_en.ppt,Sin alerta automática
cc_other_news_humidity_en.md,Ventilador Draeger VN500,Respirador Draeger - VN500,sin_clasificar,C,revisar,indeterminado,pendiente,Tipo documental no clasificado; requiere revision manual antes de activar. Idioma indeterminado; requiere validacion.,cc_other_news_humidity_en.ppt,Manuales-20260528T010304Z-3-001/Manuales/draguer respirador/Draeger- VN500/Aplication Training/cc_other_news_humidity_en.ppt,Sin alerta automática
cc_other_news_maneuvers_en.md,Ventilador Draeger VN500,Respirador Draeger - VN500,sin_clasificar,C,revisar,indeterminado,pendiente,Tipo documental no clasificado; requiere revision manual antes de activar. Idioma indeterminado; requiere validacion.,cc_other_news_maneuvers_en.ppt,Manuales-20260528T010304Z-3-001/Manuales/draguer respirador/Draeger- VN500/Aplication Training/cc_other_news_maneuvers_en.ppt,Sin alerta automática
cc_other_news_mmv_en.md,Ventilador Draeger VN500,Respirador Draeger - VN500,sin_clasificar,C,revisar,indeterminado,pendiente,Tipo documental no clasificado; requiere revision manual antes de activar. Idioma indeterminado; requiere validacion.,cc_other_news_mmv_en.ppt,Manuales-20260528T010304Z-3-001/Manuales/draguer respirador/Draeger- VN500/Aplication Training/cc_other_news_mmv_en.ppt,Sin alerta automática
cc_other_news_monitoring_en.md,Ventilador Draeger VN500,Respirador Draeger - VN500,sin_clasificar,C,revisar,indeterminado,pendiente,Tipo documental no clasificado; requiere revision manual antes de activar. Idioma indeterminado; requiere validacion.,cc_other_news_monitoring_en.ppt,Manuales-20260528T010304Z-3-001/Manuales/draguer respirador/Draeger- VN500/Aplication Training/cc_other_news_monitoring_en.ppt,Sin alerta automática
cc_other_news_niv_en.md,Ventilador Draeger VN500,Respirador Draeger - VN500,sin_clasificar,C,revisar,indeterminado,pendiente,Tipo documental no clasificado; requiere revision manual antes de activar. Idioma indeterminado; requiere validacion.,cc_other_news_niv_en.ppt,Manuales-20260528T010304Z-3-001/Manuales/draguer respirador/Draeger- VN500/Aplication Training/cc_other_news_niv_en.ppt,Sin alerta automática
cc_other_news_pressure_volume_en.md,Ventilador Draeger VN500,Respirador Draeger - VN500,sin_clasificar,C,revisar,indeterminado,pendiente,Tipo documental no clasificado; requiere revision manual antes de activar. Idioma indeterminado; requiere validacion.,cc_other_news_pressure_volume_en.ppt,Manuales-20260528T010304Z-3-001/Manuales/draguer respirador/Draeger- VN500/Aplication Training/cc_other_news_pressure_volume_en.ppt,Sin alerta automática
cc_other_news_simv_en.md,Ventilador Draeger VN500,Respirador Draeger - VN500,sin_clasificar,C,revisar,indeterminado,pendiente,Tipo documental no clasificado; requiere revision manual antes de activar. Idioma indeterminado; requiere validacion.,cc_other_news_simv_en.ppt,Manuales-20260528T010304Z-3-001/Manuales/draguer respirador/Draeger- VN500/Aplication Training/cc_other_news_simv_en.ppt,Sin alerta automática
cc_other_news_vent_reduction_en.md,Ventilador Draeger VN500,Respirador Draeger - VN500,sin_clasificar,C,revisar,indeterminado,pendiente,Tipo documental no clasificado; requiere revision manual antes de activar. Idioma indeterminado; requiere validacion.,cc_other_news_vent reduction_en.ppt,Manuales-20260528T010304Z-3-001/Manuales/draguer respirador/Draeger- VN500/Aplication Training/cc_other_news_vent reduction_en.ppt,Sin alerta automática
cc_others_news_weaning_en.md,Ventilador Draeger VN500,Respirador Draeger - VN500,sin_clasificar,C,revisar,indeterminado,pendiente,Tipo documental no clasificado; requiere revision manual antes de activar. Idioma indeterminado; requiere validacion.,cc_others_news_weaning_en.ppt,Manuales-20260528T010304Z-3-001/Manuales/draguer respirador/Draeger- VN500/Aplication Training/cc_others_news_weaning_en.ppt,Sin alerta automática
thumbs.md,Ventilador Draeger VN500,Respirador Draeger - VN500,sin_clasificar,C,revisar,indeterminado,pendiente,Tipo documental no clasificado; requiere revision manual antes de activar. Idioma indeterminado; requiere validacion.,Thumbs.db,Manuales-20260528T010304Z-3-001/Manuales/draguer respirador/Draeger- VN500/Aplication Training/Thumbs.db,Sin alerta automática
cc_other_br_9066227_es.md,Ventilador Draeger VN500,Respirador Draeger - VN500,folleto,C,excluir,espanol,pendiente,Folleto/brochure comercial; no es fuente principal para respuesta tecnica.,cc_other_br_9066227_es.pdf,Manuales-20260528T010304Z-3-001/Manuales/draguer respirador/Draeger- VN500/Brochure/cc_other_br_9066227_es.pdf,Sin alerta automática
cc_other_br_9066343_es.md,Ventilador Draeger VN500,Respirador Draeger - VN500,folleto,C,excluir,espanol,pendiente,Folleto/brochure comercial; no es fuente principal para respuesta tecnica.,cc_other_br_9066343_es.pdf,Manuales-20260528T010304Z-3-001/Manuales/draguer respirador/Draeger- VN500/Brochure/cc_other_br_9066343_es.pdf,Sin alerta automática
cc_other_br_9066364_en.md,Ventilador Draeger VN500,Respirador Draeger - VN500,folleto,C,excluir,ingles,pendiente,Folleto/brochure comercial; no es fuente principal para respuesta tecnica.,cc_other_br_9066364_en.pdf,Manuales-20260528T010304Z-3-001/Manuales/draguer respirador/Draeger- VN500/Brochure/cc_other_br_9066364_en.pdf,Sin alerta automática
cc_other_br_9066465_es.md,Ventilador Draeger VN500,Respirador Draeger - VN500,folleto,C,excluir,espanol,pendiente,Folleto/brochure comercial; no es fuente principal para respuesta tecnica.,cc_other_br_9066465_es.pdf,Manuales-20260528T010304Z-3-001/Manuales/draguer respirador/Draeger- VN500/Brochure/cc_other_br_9066465_es.pdf,Sin alerta automática
pdf1805_ad_babylog_vn500_spanisch_30112009_k2.md,Ventilador Draeger VN500,Respirador Draeger - VN500,folleto,C,excluir,espanol,pendiente,Folleto/brochure comercial; no es fuente principal para respuesta tecnica.,PDF1805_Ad Babylog_VN500_Spanisch_30112009_k2.pdf,Manuales-20260528T010304Z-3-001/Manuales/draguer respirador/Draeger- VN500/Brochure/PDF1805_Ad Babylog_VN500_Spanisch_30112009_k2.pdf,Sin alerta automática
cc_other_train_alphatest_en.md,Ventilador Draeger VN500,Respirador Draeger - VN500,sin_clasificar,C,revisar,indeterminado,pendiente,Tipo documental no clasificado; requiere revision manual antes de activar. Idioma indeterminado; requiere validacion.,cc_other_train_alphatest_en.avi,Manuales-20260528T010304Z-3-001/Manuales/draguer respirador/Draeger- VN500/cc_other_train_alphatest_en.avi,Sin alerta automática
cmo_programar_y_visuali.md,Ventilador Draeger VN500,Respirador Draeger - VN500,sin_clasificar,C,revisar,indeterminado,pendiente,Tipo documental no clasificado; requiere revision manual antes de activar. Idioma indeterminado; requiere validacion.,Cmo_programar_y_visuali.mp4,Manuales-20260528T010304Z-3-001/Manuales/draguer respirador/Draeger- VN500/Cmo_programar_y_visuali.mp4,Sin alerta automática
01_devicetraining_v500_device_operation.md,Ventilador Draeger VN500,Respirador Draeger - VN500,sin_clasificar,C,revisar,indeterminado,pendiente,Tipo documental no clasificado; requiere revision manual antes de activar. Idioma indeterminado; requiere validacion.,01_DeviceTraining_V500_Device_Operation.ppt,Manuales-20260528T010304Z-3-001/Manuales/draguer respirador/Draeger- VN500/Device Training/01_DeviceTraining_V500_Device_Operation.ppt,Sin alerta automática
01_devicetraining_v500_system_overview.md,Ventilador Draeger VN500,Respirador Draeger - VN500,sin_clasificar,C,revisar,indeterminado,pendiente,Tipo documental no clasificado; requiere revision manual antes de activar. Idioma indeterminado; requiere validacion.,01_DeviceTraining_V500_System_Overview.ppt,Manuales-20260528T010304Z-3-001/Manuales/draguer respirador/Draeger- VN500/Device Training/01_DeviceTraining_V500_System_Overview.ppt,Sin alerta automática
03_devicetraining_v500_configuration.md,Ventilador Draeger VN500,Respirador Draeger - VN500,sin_clasificar,C,revisar,indeterminado,pendiente,Tipo documental no clasificado; requiere revision manual antes de activar. Idioma indeterminado; requiere validacion.,03_DeviceTraining_V500_Configuration.ppt,Manuales-20260528T010304Z-3-001/Manuales/draguer respirador/Draeger- VN500/Device Training/03_DeviceTraining_V500_Configuration.ppt,Sin alerta automática
04_devicetraining_v500_ventilation_modes_and_additional_settings.md,Ventilador Draeger VN500,Respirador Draeger - VN500,sin_clasificar,C,revisar,indeterminado,pendiente,Tipo documental no clasificado; requiere revision manual antes de activar. Idioma indeterminado; requiere validacion.,04_DeviceTraining_V500_Ventilation_Modes_and_Additional_Settings.ppt,Manuales-20260528T010304Z-3-001/Manuales/draguer respirador/Draeger- VN500/Device Training/04_DeviceTraining_V500_Ventilation_Modes_and_Additional_Settings.ppt,Sin alerta automática
05_devicetraining_v500_special_procedures.md,Ventilador Draeger VN500,Respirador Draeger - VN500,sin_clasificar,C,revisar,indeterminado,pendiente,Tipo documental no clasificado; requiere revision manual antes de activar. Idioma indeterminado; requiere validacion.,05_DeviceTraining_V500_Special_Procedures.ppt,Manuales-20260528T010304Z-3-001/Manuales/draguer respirador/Draeger- VN500/Device Training/05_DeviceTraining_V500_Special_Procedures.ppt,Sin alerta automática
06_devicetraining_v500_therapy_types.md,Ventilador Draeger VN500,Respirador Draeger - VN500,sin_clasificar,C,revisar,indeterminado,pendiente,Tipo documental no clasificado; requiere revision manual antes de activar. Idioma indeterminado; requiere validacion.,06_DeviceTraining_V500_Therapy_Types.ppt,Manuales-20260528T010304Z-3-001/Manuales/draguer respirador/Draeger- VN500/Device Training/06_DeviceTraining_V500_Therapy_Types.ppt,Sin alerta automática
07_devicetraining_v500_advanced_functions.md,Ventilador Draeger VN500,Respirador Draeger - VN500,sin_clasificar,C,revisar,indeterminado,pendiente,Tipo documental no clasificado; requiere revision manual antes de activar. Idioma indeterminado; requiere validacion.,07_DeviceTraining_V500_Advanced_Functions.ppt,Manuales-20260528T010304Z-3-001/Manuales/draguer respirador/Draeger- VN500/Device Training/07_DeviceTraining_V500_Advanced_Functions.ppt,Sin alerta automática
08_devicetraining_v500_alarm_behaviour.md,Ventilador Draeger VN500,Respirador Draeger - VN500,sin_clasificar,C,revisar,indeterminado,pendiente,Tipo documental no clasificado; requiere revision manual antes de activar. Idioma indeterminado; requiere validacion.,08_DeviceTraining_V500_Alarm_Behaviour.ppt,Manuales-20260528T010304Z-3-001/Manuales/draguer respirador/Draeger- VN500/Device Training/08_DeviceTraining_V500_Alarm_Behaviour.ppt,Sin alerta automática
09_devicetraining_v500_cleaning_and_disinfection.md,Ventilador Draeger VN500,Respirador Draeger - VN500,sin_clasificar,C,revisar,indeterminado,pendiente,Tipo documental no clasificado; requiere revision manual antes de activar. Idioma indeterminado; requiere validacion.,09_DeviceTraining_V500_Cleaning_and_Disinfection.ppt,Manuales-20260528T010304Z-3-001/Manuales/draguer respirador/Draeger- VN500/Device Training/09_DeviceTraining_V500_Cleaning_and_Disinfection.ppt,Sin alerta automática
10_devicetraining_v500_service_and_maintenance.md,Ventilador Draeger VN500,Respirador Draeger - VN500,manual_servicio,A,incluir,indeterminado,validado,"Manual tecnico/servicio; fuente prioritaria para mantenimiento, fallas y procedimientos. Idioma indeterminado; requiere validacion.",10_DeviceTraining_V500_Service_and_Maintenance.ppt,Manuales-20260528T010304Z-3-001/Manuales/draguer respirador/Draeger- VN500/Device Training/10_DeviceTraining_V500_Service_and_Maintenance.ppt,Sin alerta automática
thumbs.md,Ventilador Draeger VN500,Respirador Draeger - VN500,sin_clasificar,C,revisar,indeterminado,pendiente,Tipo documental no clasificado; requiere revision manual antes de activar. Idioma indeterminado; requiere validacion.,Thumbs.db,Manuales-20260528T010304Z-3-001/Manuales/draguer respirador/Draeger- VN500/Device Training/Thumbs.db,Sin alerta automática
ejemplo_ventilacion_altafrecuencia.md,Ventilador Draeger VN500,Respirador Draeger - VN500,duplicado,C,excluir,indeterminado,pendiente,Documento marcado como duplicado; no se ingesta hasta confirmar necesidad.,ejemplo ventilacion AltaFrecuencia.avi,Manuales-20260528T010304Z-3-001/Manuales/draguer respirador/Draeger- VN500/ejemplo ventilacion AltaFrecuencia.avi,Duplicado exacto
entrar_en_servicio_y_copiar_log_errores_recarga_soft.md,Ventilador Draeger VN500,Respirador Draeger - VN500,sin_clasificar,C,revisar,espanol,pendiente,Tipo documental no clasificado; requiere revision manual antes de activar. Requiere revision OCR antes de considerarse fuente confiable.,entrar en servicio y copiar log errores recarga soft.pdf,Manuales-20260528T010304Z-3-001/Manuales/draguer respirador/Draeger- VN500/entrar en servicio y copiar log errores recarga soft.pdf,Requiere revision OCR
funcionamiento_del_ventilador_mecanico.md,Ventilador Draeger VN500,Respirador Draeger - VN500,sin_clasificar,C,revisar,indeterminado,pendiente,Tipo documental no clasificado; requiere revision manual antes de activar. Idioma indeterminado; requiere validacion.,Funcionamiento del Ventilador Mecanico.mp4,Manuales-20260528T010304Z-3-001/Manuales/draguer respirador/Draeger- VN500/Funcionamiento del Ventilador Mecanico.mp4,Sin alerta automática
manual_usuario_vn500_es.md,Ventilador Draeger VN500,Respirador Draeger - VN500,sin_clasificar,C,revisar,indeterminado,pendiente,Tipo documental no clasificado; requiere revision manual antes de activar. Requiere revision OCR antes de considerarse fuente confiable. Idioma indeterminado; requiere validacion.,Manual Usuario-vn500-es.pdf,Manuales-20260528T010304Z-3-001/Manuales/draguer respirador/Draeger- VN500/Manual Usuario-vn500-es.pdf,Requiere revision OCR
other_volumeguarantee_interview_dr_m_keszler_en.md,Ventilador Draeger VN500,Respirador Draeger - VN500,sin_clasificar,C,revisar,ingles,pendiente,Tipo documental no clasificado; requiere revision manual antes de activar.,other_VolumeGuarantee interview Dr.M.Keszler_en.pdf,Manuales-20260528T010304Z-3-001/Manuales/draguer respirador/Draeger- VN500/other_VolumeGuarantee interview Dr.M.Keszler_en.pdf,Sin alerta automática
simulation_vn500.md,Ventilador Draeger VN500,Respirador Draeger - VN500,sin_clasificar,C,revisar,indeterminado,pendiente,Tipo documental no clasificado; requiere revision manual antes de activar. Idioma indeterminado; requiere validacion.,Simulation VN500.url,Manuales-20260528T010304Z-3-001/Manuales/draguer respirador/Draeger- VN500/Simulation VN500.url,Sin alerta automática
vn500_customer_pres_es_final.md,Ventilador Draeger VN500,Respirador Draeger - VN500,sin_clasificar,C,revisar,indeterminado,pendiente,Tipo documental no clasificado; requiere revision manual antes de activar. Idioma indeterminado; requiere validacion.,VN500_customer_pres_es_final.ppt,Manuales-20260528T010304Z-3-001/Manuales/draguer respirador/Draeger- VN500/VN500_customer_pres_es_final.ppt,Sin alerta automática
vn500_with_shadows_and_hoses_091210.md,Ventilador Draeger VN500,Respirador Draeger - VN500,sin_clasificar,C,revisar,indeterminado,pendiente,Tipo documental no clasificado; requiere revision manual antes de activar. Idioma indeterminado; requiere validacion.,vn500_with_shadows_and_hoses_091210.wmv,Manuales-20260528T010304Z-3-001/Manuales/draguer respirador/Draeger- VN500/vn500_with_shadows_and_hoses_091210.wmv,Sin alerta automática
vn500_with_shadows_without_hoses_091210.md,Ventilador Draeger VN500,Respirador Draeger - VN500,sin_clasificar,C,revisar,indeterminado,pendiente,Tipo documental no clasificado; requiere revision manual antes de activar. Idioma indeterminado; requiere validacion.,vn500_with_shadows_without_hoses_091210.wmv,Manuales-20260528T010304Z-3-001/Manuales/draguer respirador/Draeger- VN500/vn500_with_shadows_without_hoses_091210.wmv,Sin alerta automática
videos_uso_vn500.md,Ventilador Draeger VN500,Respirador Draeger - VN500,sin_clasificar,C,revisar,indeterminado,pendiente,Tipo documental no clasificado; requiere revision manual antes de activar. Idioma indeterminado; requiere validacion.,videos uso VN500.docx,Manuales-20260528T010304Z-3-001/Manuales/draguer respirador/videos uso VN500.docx,Sin alerta automática
dispo_8155_14_manual_kairos.md,Dispo,,sin_clasificar,C,revisar,espanol,pendiente,Tipo documental no clasificado; requiere revision manual antes de activar.,Dispo_8155-14 manual kairos.pdf,Manuales-20260528T010304Z-3-001/Manuales/Electrobisturi/Dispo_8155-14 manual kairos.pdf,Sin alerta automática
leep_system_1000.md,Electrobisturi LEEP System 1000,Electrobisturi LEEP System 1000,sin_clasificar,C,revisar,ingles,pendiente,Tipo documental no clasificado; requiere revision manual antes de activar.,Leep System 1000.pdf,Manuales-20260528T010304Z-3-001/Manuales/Electrobisturi/Leep System 1000.pdf,Sin alerta automática
leep_user_manual.md,Electrobisturi LEEP System 1000,Electrobisturi LEEP System 1000,sin_clasificar,C,revisar,ingles,pendiente,Tipo documental no clasificado; requiere revision manual antes de activar. Requiere revision OCR antes de considerarse fuente confiable.,LEEP-user-manual.pdf,Manuales-20260528T010304Z-3-001/Manuales/Electrobisturi/LEEP-user-manual.pdf,Requiere revision OCR
minicomp_kairos_m_x_esu_service_manual_2_es_1.md,Electrobisturi Minicomp Kairos M/X,Electrobisturi Minicomp Kairos M/X,manual_servicio,A,revisar,espanol,pendiente,"Manual tecnico/servicio; fuente prioritaria para mantenimiento, fallas y procedimientos. Requiere revision OCR antes de considerarse fuente confiable.",Minicomp Kairos M-X ESU - Service manual 2 (es) (1).pdf,Manuales-20260528T010304Z-3-001/Manuales/Electrobisturi/Minicomp Kairos M-X ESU - Service manual 2 (es) (1).pdf,Requiere revision OCR
valleylab_force_fx_c_esu_service_manual.md,Electrobisturi Valleylab Force FX,Electrobisturi Valleylab Force FX-8C,manual_servicio,A,revisar,ingles,pendiente,"Manual tecnico/servicio; fuente prioritaria para mantenimiento, fallas y procedimientos. Requiere revision OCR antes de considerarse fuente confiable.",Valleylab Force FX-C ESU - Service manual.pdf,Manuales-20260528T010304Z-3-001/Manuales/Electrobisturi/Valleylab Force FX-C ESU - Service manual.pdf,Requiere revision OCR
valleylab_force_fx_8c_electrosurgical_generator_service_manual.md,Electrobisturi Valleylab Force FX,Electrobisturi Valleylab Force FX-8C,manual_servicio,A,incluir,ingles,validado,"Manual tecnico/servicio; fuente prioritaria para mantenimiento, fallas y procedimientos.",Valleylab_Force_FX-8c_Electrosurgical_Generator_-_Service_manual.pdf,Manuales-20260528T010304Z-3-001/Manuales/Electrobisturi/Valleylab_Force_FX-8c_Electrosurgical_Generator_-_Service_manual.pdf,Sin alerta automática
service_manual.md,Maquinas de Hemodialisis Fresenius,,manual_servicio,A,revisar,ingles,pendiente,"Manual tecnico/servicio; fuente prioritaria para mantenimiento, fallas y procedimientos. Requiere revision OCR antes de considerarse fuente confiable.",Service manual.pdf,Manuales-20260528T010304Z-3-001/Manuales/Fressenius 4008S -4008B/Service manual.pdf,Requiere revision OCR
manual_de_usuario_incubadora_medix_tr200.md,Incubadora Medix TR200,Incubadora Medix TR200,duplicado,C,excluir,espanol,pendiente,Documento marcado como duplicado; no se ingesta hasta confirmar necesidad.,Manual de Usuario Incubadora Medix TR200.pdf,Manuales-20260528T010304Z-3-001/Manuales/Incubadoras/Manual de Usuario Incubadora Medix TR200.pdf,Duplicado exacto
manual_tecnico_incubadora_medix_natal_care_st_mx_lx.md,Natal Care ST/MX/LX,Natal Care ST/MX/LX,duplicado,C,excluir,espanol,pendiente,Documento marcado como duplicado; no se ingesta hasta confirmar necesidad.,Manual Técnico Incubadora Medix Natal Care (ST · MX · LX).pdf,Manuales-20260528T010304Z-3-001/Manuales/Incubadoras/Manual Técnico Incubadora Medix Natal Care (ST · MX · LX).pdf,Duplicado exacto
manual_tecnico_incubadora_medix_natal_care_lx.md,Natal Care ST/MX/LX,Natal Care ST/MX/LX,duplicado,C,excluir,espanol,pendiente,Documento marcado como duplicado; no se ingesta hasta confirmar necesidad.,Manual Técnico Incubadora Medix Natal Care LX.pdf,Manuales-20260528T010304Z-3-001/Manuales/Incubadoras/Manual Técnico Incubadora Medix Natal Care LX.pdf,Duplicado exacto
manual_tecnico_incubadora_medix_tr306.md,Incubadora Medix TR306,Incubadora Medix TR306,duplicado,C,excluir,ingles,pendiente,Documento marcado como duplicado; no se ingesta hasta confirmar necesidad.,Manual Técnico Incubadora Medix TR306.pdf,Manuales-20260528T010304Z-3-001/Manuales/Incubadoras/Manual Técnico Incubadora Medix TR306.pdf,Duplicado exacto
manual_usuario_y_tecnico_incubadora_medix_tr_200.md,Medix,,duplicado,C,excluir,espanol,pendiente,Documento marcado como duplicado; no se ingesta hasta confirmar necesidad.,Manual Usuario y Técnico Incubadora Medix TR 200.pdf,Manuales-20260528T010304Z-3-001/Manuales/Incubadoras/Manual Usuario y Técnico Incubadora Medix TR 200.pdf,Duplicado exacto
manual_de_servicio_procesador_de_tejidos_leica_tp_1020_ingles.md,Procesador de Tejidos Leica TP1020,TP1020,manual_servicio,A,revisar,ingles,pendiente,"Manual tecnico/servicio; fuente prioritaria para mantenimiento, fallas y procedimientos. Requiere revision OCR antes de considerarse fuente confiable.",Manual de Servicio Procesador de Tejidos Leica TP 1020 (Inglés).pdf,Manuales-20260528T010304Z-3-001/Manuales/Leica TP1020/Manual de Servicio Procesador de Tejidos Leica TP 1020 (Inglés).pdf,Requiere revision OCR
manual_de_usuario_microtomo_de_rotacion_leica_rm2125_rts.md,Procesador de Tejidos Leica TP1020,RM2125 RTS,manual_usuario,B,incluir,espanol,validado,Presenta conflicto de carpeta/equipo; requiere validación manual antes de activar. Manual de usuario; fuente util para operador/usuario y operacion segura.,Manual de Usuario Micrótomo de Rotación Leica RM2125 RTS.pdf,Manuales-20260528T010304Z-3-001/Manuales/Leica TP1020/Manual de Usuario Micrótomo de Rotación Leica RM2125 RTS.pdf,Conflicto carpeta / equipo
d3d2_service_manual_english_new_defib_2_0_en.md,Desfibrilador Monitor Mindray BeneHeart D3/D2,Desfibrilador Monitor Mindray BeneHeart D3/D2,duplicado,C,excluir,ingles,pendiente,Documento marcado como duplicado; no se ingesta hasta confirmar necesidad.,"D3D2 Service Manual (English, New Defib)_2.0_EN.pdf","Manuales-20260528T010304Z-3-001/Manuales/Monitores multiparametricos/D3D2 Service Manual (English, New Defib)_2.0_EN.pdf",Duplicado exacto
epm_series_compact_monitor_service_manual_v1_0_en.md,Monitor Multiparametrico Mindray ePM Series,Monitor Multiparametrico Mindray ePM Series,manual_servicio,A,revisar,ingles,pendiente,"Manual tecnico/servicio; fuente prioritaria para mantenimiento, fallas y procedimientos. Requiere revision OCR antes de considerarse fuente confiable.",ePM Series Compact Monitor_Service Manual_V1.0_EN.pdf,Manuales-20260528T010304Z-3-001/Manuales/Monitores multiparametricos/ePM Series Compact Monitor_Service Manual_V1.0_EN.pdf,Requiere revision OCR
imec_service_manual_v4_0_en.md,Monitor Multiparametrico Mindray iMEC,Monitor Multiparametrico Mindray iMEC,manual_servicio,A,revisar,ingles,pendiente,"Manual tecnico/servicio; fuente prioritaria para mantenimiento, fallas y procedimientos. Requiere revision OCR antes de considerarse fuente confiable.",iMEC_Service Manual_V4.0_EN.pdf,Manuales-20260528T010304Z-3-001/Manuales/Monitores multiparametricos/iMEC_Service Manual_V4.0_EN.pdf,Requiere revision OCR
pm_9000_service_manual.md,Monitor Multiparametrico Mindray PM-9000,Monitor Multiparametrico Mindray PM-9000,manual_servicio,A,revisar,ingles,pendiente,"Manual tecnico/servicio; fuente prioritaria para mantenimiento, fallas y procedimientos. Requiere revision OCR antes de considerarse fuente confiable.",PM-9000 Service Manual.pdf,Manuales-20260528T010304Z-3-001/Manuales/Monitores multiparametricos/PM-9000 Service Manual.pdf,Requiere revision OCR
hd_67_troubleshooting_equipos_rodantes_mac_gmm_v2.md,Rodantes MAC GMM / Pimax,HD-67,troubleshooting,A,incluir,espanol,validado,Documento de troubleshooting; fuente prioritaria para diagnostico de fallas.,HD-67 Troubleshooting equipos rodantes MAC GMM V2.pdf,Manuales-20260528T010304Z-3-001/Manuales/Pimax/HD-67 Troubleshooting equipos rodantes MAC GMM V2.pdf,Sin alerta automática
manual_de_usuario_incubadora_medix_tr200.md,Incubadora Medix TR200,Incubadora Medix TR200,duplicado,C,excluir,espanol,pendiente,Documento marcado como duplicado; no se ingesta hasta confirmar necesidad.,Manual de Usuario Incubadora Medix TR200.pdf,Manuales-20260528T010304Z-3-001/Manuales/Sillones odontologicos/Manual de Usuario Incubadora Medix TR200.pdf,Duplicado exacto
manual_tecnico_incubadora_medix_natal_care_st_mx_lx.md,Natal Care ST/MX/LX,Natal Care ST/MX/LX,duplicado,C,excluir,espanol,pendiente,Documento marcado como duplicado; no se ingesta hasta confirmar necesidad.,Manual Técnico Incubadora Medix Natal Care (ST · MX · LX).pdf,Manuales-20260528T010304Z-3-001/Manuales/Sillones odontologicos/Manual Técnico Incubadora Medix Natal Care (ST · MX · LX).pdf,Duplicado exacto
manual_tecnico_incubadora_medix_natal_care_lx.md,Natal Care ST/MX/LX,Natal Care ST/MX/LX,duplicado,C,excluir,espanol,pendiente,Documento marcado como duplicado; no se ingesta hasta confirmar necesidad.,Manual Técnico Incubadora Medix Natal Care LX.pdf,Manuales-20260528T010304Z-3-001/Manuales/Sillones odontologicos/Manual Técnico Incubadora Medix Natal Care LX.pdf,Duplicado exacto
manual_tecnico_incubadora_medix_tr306.md,Incubadora Medix TR306,Incubadora Medix TR306,duplicado,C,excluir,ingles,pendiente,Documento marcado como duplicado; no se ingesta hasta confirmar necesidad.,Manual Técnico Incubadora Medix TR306.pdf,Manuales-20260528T010304Z-3-001/Manuales/Sillones odontologicos/Manual Técnico Incubadora Medix TR306.pdf,Duplicado exacto
manual_usuario_y_tecnico_incubadora_medix_tr_200.md,Medix,,duplicado,C,excluir,espanol,pendiente,Documento marcado como duplicado; no se ingesta hasta confirmar necesidad.,Manual Usuario y Técnico Incubadora Medix TR 200.pdf,Manuales-20260528T010304Z-3-001/Manuales/Sillones odontologicos/Manual Usuario y Técnico Incubadora Medix TR 200.pdf,Duplicado exacto
manual_de_servicio_esterilizadora_sterrad_100_ing.md,Esterilizadora Sterrad,Sterrad 100,manual_servicio,A,revisar,ingles,pendiente,"Manual tecnico/servicio; fuente prioritaria para mantenimiento, fallas y procedimientos. Requiere revision OCR antes de considerarse fuente confiable.",Manual de Servicio Esterilizadora Sterrad 100 (Ing).pdf,Manuales-20260528T010304Z-3-001/Manuales/Sterrad/Manual de Servicio Esterilizadora Sterrad 100 (Ing).pdf,Requiere revision OCR
fg_tp_80.md,Equipo sin identificar,,sin_clasificar,C,revisar,espanol,pendiente,Tipo documental no clasificado; requiere revision manual antes de activar. Requiere revision OCR antes de considerarse fuente confiable.,FG-TP-80.pdf,Manuales-20260528T010304Z-3-001/Manuales/TP/FG-TP-80.pdf,Requiere revision OCR
manual_de_mantenimiento_prevent_tp_100.md,Tratamiento de Agua Portatil TP-100,Tratamiento de Agua Portatil TP-100,sin_clasificar,C,revisar,indeterminado,pendiente,Tipo documental no clasificado; requiere revision manual antes de activar. Idioma indeterminado; requiere validacion.,MANUAL DE MANTENIMIENTO PREVENT. TP-100.doc,Manuales-20260528T010304Z-3-001/Manuales/TP/TP 100/MANUAL DE MANTENIMIENTO PREVENT. TP-100.doc,Sin alerta automática
manual_tp_100_castellano_v2.md,Tratamiento de Agua Portatil TP-100,Tratamiento de Agua Portatil TP-100,sin_clasificar,C,revisar,espanol,pendiente,Tipo documental no clasificado; requiere revision manual antes de activar. Requiere revision OCR antes de considerarse fuente confiable.,Manual TP 100 Castellano V2.pdf,Manuales-20260528T010304Z-3-001/Manuales/TP/TP 100/Manual TP 100 Castellano V2.pdf,Requiere revision OCR
plano_electrico_tp_100new.md,Tratamiento de Agua Portatil TP-100,Tratamiento de Agua Portatil TP-100,plano_diagrama,B,incluir,espanol,validado,Plano/diagrama; fuente util si se asocia a contexto tecnico.,Plano Electrico TP-100NEW.pdf,Manuales-20260528T010304Z-3-001/Manuales/TP/TP 100/Plano Electrico TP-100NEW.pdf,Sin alerta automática
ifu_globe_trotter_gt5400_crossvent_2i_mu21764.md,Ventilador Crossvent 2i,Ventilador Crossvent 2i,sin_clasificar,C,revisar,espanol,pendiente,Tipo documental no clasificado; requiere revision manual antes de activar. Requiere revision OCR antes de considerarse fuente confiable.,IfU_Globe_Trotter_GT5400_Crossvent_2i__MU21764.pdf,Manuales-20260528T010304Z-3-001/Manuales/Ventiladores mecánicos/crossvent/IfU_Globe_Trotter_GT5400_Crossvent_2i__MU21764.pdf,Requiere revision OCR
manual_crossvent_3.md,Ventilador Crossvent 3,Ventilador Crossvent 3,sin_clasificar,C,revisar,espanol,pendiente,Tipo documental no clasificado; requiere revision manual antes de activar.,manual Crossvent 3.pdf,Manuales-20260528T010304Z-3-001/Manuales/Ventiladores mecánicos/crossvent/manual Crossvent 3.pdf,Sin alerta automática
manual_crossvent_2_1.md,Ventilador Crossvent 2i,Ventilador Crossvent 2i,duplicado,C,excluir,espanol,pendiente,Documento marcado como duplicado; no se ingesta hasta confirmar necesidad.,Manual Crossvent_2 (1).pdf,Manuales-20260528T010304Z-3-001/Manuales/Ventiladores mecánicos/crossvent/Manual Crossvent_2 (1).pdf,Duplicado exacto
manual_de_servicio_crossvent_biomed_devices_crossvent_4.md,Ventilador Crossvent 4,Ventilador Crossvent 4,manual_servicio,A,revisar,indeterminado,pendiente,"Manual tecnico/servicio; fuente prioritaria para mantenimiento, fallas y procedimientos. Requiere revision OCR antes de considerarse fuente confiable. Idioma indeterminado; requiere validacion.",Manual de servicio CrossVent - BIOMED Devices crossvent 4.pdf,Manuales-20260528T010304Z-3-001/Manuales/Ventiladores mecánicos/crossvent/Manual de servicio CrossVent - BIOMED Devices crossvent 4.pdf,Requiere revision OCR
datex_ohmeda_engstrom_ventilatortechnical_manual.md,Ventilador Engström,,sin_clasificar,C,revisar,ingles,pendiente,Tipo documental no clasificado; requiere revision manual antes de activar. Requiere revision OCR antes de considerarse fuente confiable.,Datex-Ohmeda-Engstrom-VentilatorTechnical-Manual.pdf,Manuales-20260528T010304Z-3-001/Manuales/Ventiladores mecánicos/Datex Ohmeda/Datex-Ohmeda-Engstrom-VentilatorTechnical-Manual.pdf,Requiere revision OCR
guia_rapida_para_enfermeras.md,Ventilador Engström,Sterrad 100,guia_rapida,B,incluir,ingles,validado,Presenta conflicto de carpeta/equipo; requiere validación manual antes de activar. Guia rapida; fuente secundaria util para operador/usuario.,Guia Rapida para enfermeras.pdf,Manuales-20260528T010304Z-3-001/Manuales/Ventiladores mecánicos/Engstrom carestation/Guia Rapida para enfermeras.pdf,Conflicto carpeta / equipo
manual_de_usuario_engstrom_carestation_anexo_es.md,Ventilador Engström,Ventilador GE Engstrom Carestation,manual_usuario,B,incluir,espanol,validado,Manual de usuario; fuente util para operador/usuario y operacion segura.,Manual de usuario Engstrom Carestation - ANEXO- ES.pdf,Manuales-20260528T010304Z-3-001/Manuales/Ventiladores mecánicos/Engstrom carestation/Manual de usuario Engstrom Carestation - ANEXO- ES.pdf,Sin alerta automática
manual_de_usuario_engstrom_carestation_es.md,Ventilador Engström,Ventilador GE Engstrom Carestation,manual_usuario,B,incluir,espanol,validado,Manual de usuario; fuente util para operador/usuario y operacion segura.,Manual de usuario Engstrom Carestation - ES.pdf,Manuales-20260528T010304Z-3-001/Manuales/Ventiladores mecánicos/Engstrom carestation/Manual de usuario Engstrom Carestation - ES.pdf,Sin alerta automática
manual_service_engstrom.md,Ventilador Engström,Ventilador GE Engstrom Carestation,duplicado,C,excluir,ingles,pendiente,Documento marcado como duplicado; no se ingesta hasta confirmar necesidad.,Manual Service Engstrom.pdf,Manuales-20260528T010304Z-3-001/Manuales/Ventiladores mecánicos/Engstrom carestation/Manual Service Engstrom.pdf,Duplicado exacto
ventilacion_no_invasiva.md,Ventilador Engström,Ventilador GE Engstrom Carestation,sin_clasificar,C,revisar,espanol,pendiente,Tipo documental no clasificado; requiere revision manual antes de activar.,Ventilacion No Invasiva.pdf,Manuales-20260528T010304Z-3-001/Manuales/Ventiladores mecánicos/Engstrom carestation/Ventilacion No Invasiva.pdf,Sin alerta automática
introduccion_newport_ht_70_plus.md,HT70,HT70,sin_clasificar,C,revisar,espanol,pendiente,Tipo documental no clasificado; requiere revision manual antes de activar.,Introduccion-Newport-HT-70-Plus.pdf,Manuales-20260528T010304Z-3-001/Manuales/Ventiladores mecánicos/Introduccion-Newport-HT-70-Plus.pdf,Sin alerta automática
5_nivel_3_terapia_fallas_frecuentes_fuga_1.md,Leistung,,troubleshooting,A,incluir,espanol,validado,Documento de troubleshooting; fuente prioritaria para diagnostico de fallas.,5. Nivel 3 Terapia fallas frecuentes - fuga (1).pdf,Manuales-20260528T010304Z-3-001/Manuales/Ventiladores mecánicos/LEISTUNG/5. Nivel 3 Terapia fallas frecuentes - fuga (1).pdf,Sin alerta automática
6_nivel_3_terapia_fallas_frecuentes_presion_1.md,Leistung,,troubleshooting,A,incluir,espanol,validado,Documento de troubleshooting; fuente prioritaria para diagnostico de fallas.,6. Nivel 3 Terapia fallas frecuentes - presion (1).pdf,Manuales-20260528T010304Z-3-001/Manuales/Ventiladores mecánicos/LEISTUNG/6. Nivel 3 Terapia fallas frecuentes - presion (1).pdf,Sin alerta automática
7_nivel_3_terapia_fallas_frecuentes_flujo_2.md,Leistung,,troubleshooting,A,incluir,espanol,validado,Documento de troubleshooting; fuente prioritaria para diagnostico de fallas.,7. Nivel 3 Terapia fallas frecuentes - flujo (2).pdf,Manuales-20260528T010304Z-3-001/Manuales/Ventiladores mecánicos/LEISTUNG/7. Nivel 3 Terapia fallas frecuentes - flujo (2).pdf,Sin alerta automática
l3apnmu_b_manual_de_usuario_luft3apn_ap_1.md,Ventilador Leistung Luft3,Ventilador Leistung Luft3,manual_usuario,B,revisar,espanol,pendiente,Manual de usuario; fuente util para operador/usuario y operacion segura. Requiere revision OCR antes de considerarse fuente confiable.,L3APNMU--B Manual de usuario LUFT3APN-AP (1).pdf,Manuales-20260528T010304Z-3-001/Manuales/Ventiladores mecánicos/LEISTUNG/L3APNMU--B Manual de usuario LUFT3APN-AP (1).pdf,Requiere revision OCR
manual_de_calibracion_neumovent_graph.md,Respirador Neumovent Graph,Respirador Neumovent Graph,manual_calibracion,A,incluir,espanol,validado,Documento de calibracion; fuente prioritaria para tecnico.,Manual de Calibración Neumovent Graph.pdf,Manuales-20260528T010304Z-3-001/Manuales/Ventiladores mecánicos/Manual de Calibración Neumovent Graph.pdf,Sin alerta automática
manual_tecnico_ventilador_engstrom_espanol.md,Ventilador Engström,Ventilador GE Engstrom Carestation,manual_tecnico,A,incluir,espanol,validado,"Manual tecnico/servicio; fuente prioritaria para mantenimiento, fallas y procedimientos.",Manual Técnico Ventilador Engström (Español).pdf,Manuales-20260528T010304Z-3-001/Manuales/Ventiladores mecánicos/Manual Técnico Ventilador Engström (Español).pdf,Sin alerta automática
manual_tecnico_ventilador_ge_engstrom_aleman.md,Ventilador Engström,,duplicado,C,excluir,ingles,pendiente,Documento marcado como duplicado; no se ingesta hasta confirmar necesidad.,Manual Técnico Ventilador GE Engström (Aleman).pdf,Manuales-20260528T010304Z-3-001/Manuales/Ventiladores mecánicos/Manual Técnico Ventilador GE Engström (Aleman).pdf,Duplicado exacto
manual_tecnico_ventilador_ge_engstrom.md,Ventilador Engström,,duplicado,C,excluir,ingles,pendiente,Documento marcado como duplicado; no se ingesta hasta confirmar necesidad.,Manual Técnico Ventilador GE Engström.pdf,Manuales-20260528T010304Z-3-001/Manuales/Ventiladores mecánicos/Manual Técnico Ventilador GE Engström.pdf,Duplicado exacto
manual_tecnico_ventilador_neumovent_graphnet_neo_ts.md,Respirador Neumovent Graph,Respirador Neumovent Graph,manual_tecnico,A,revisar,espanol,pendiente,"Manual tecnico/servicio; fuente prioritaria para mantenimiento, fallas y procedimientos. Requiere revision OCR antes de considerarse fuente confiable.",Manual Técnico Ventilador Neumovent GraphNet Neo TS.pdf,Manuales-20260528T010304Z-3-001/Manuales/Ventiladores mecánicos/Manual Técnico Ventilador Neumovent GraphNet Neo TS.pdf,Requiere revision OCR
calibracion.md,Respirador Neumovent Graph,Respirador Neumovent Graph,duplicado,C,excluir,espanol,pendiente,Documento marcado como duplicado; no se ingesta hasta confirmar necesidad.,CALIBRACÍON.pdf,Manuales-20260528T010304Z-3-001/Manuales/Ventiladores mecánicos/manualtcniconeumovent/CALIBRACÍON.pdf,Duplicado exacto
manual_tecnico_nv_graph_rev_03.md,Respirador Neumovent Graph,Respirador Neumovent Graph,manual_tecnico,A,incluir,espanol,validado,"Manual tecnico/servicio; fuente prioritaria para mantenimiento, fallas y procedimientos.",Manual tecnico NV-Graph Rev-03.pdf,Manuales-20260528T010304Z-3-001/Manuales/Ventiladores mecánicos/manualtcniconeumovent/Manual tecnico NV-Graph Rev-03.pdf,Sin alerta automática
manualtecnico_bebe_rev_01.md,Neumovent,,sin_clasificar,C,revisar,espanol,pendiente,Tipo documental no clasificado; requiere revision manual antes de activar.,MANUALTECNICO BEBE Rev-01.pdf,Manuales-20260528T010304Z-3-001/Manuales/Ventiladores mecánicos/manualtcniconeumovent/MANUALTECNICO BEBE Rev-01.pdf,Sin alerta automática
pdfcoffee_com_manual_tecnico_neumovent_advance_neo_ts_2_pdf_free.md,Respirador Neumovent Graph,Respirador Neumovent Graph,sin_clasificar,C,revisar,espanol,pendiente,Presenta conflicto de carpeta/equipo; requiere validación manual antes de activar. Tipo documental no clasificado; requiere revision manual antes de activar.,pdfcoffee.com_manual-tecnico-neumovent-advance-neo-ts-2-pdf-free.pdf,Manuales-20260528T010304Z-3-001/Manuales/Ventiladores mecánicos/manualtcniconeumovent/pdfcoffee.com_manual-tecnico-neumovent-advance-neo-ts-2-pdf-free.pdf,Conflicto carpeta / equipo
tecme_graphnet_ventilator_service_manual_es.md,Respirador Neumovent Graph,Respirador Neumovent Graph,manual_servicio,A,incluir,indeterminado,validado,"Manual tecnico/servicio; fuente prioritaria para mantenimiento, fallas y procedimientos. Idioma indeterminado; requiere validacion.",Tecme GraphNet Ventilator - Service manual (es).pdf,Manuales-20260528T010304Z-3-001/Manuales/Ventiladores mecánicos/manualtcniconeumovent/Tecme GraphNet Ventilator - Service manual (es).pdf,Sin alerta automática
manualtcniconeumovent.md,Neumovent,,sin_clasificar,C,revisar,indeterminado,pendiente,Tipo documental no clasificado; requiere revision manual antes de activar. Idioma indeterminado; requiere validacion.,manualtcniconeumovent.zip,Manuales-20260528T010304Z-3-001/Manuales/Ventiladores mecánicos/manualtcniconeumovent.zip,Sin alerta automática
maquet_servo_i_service_manual_2_of_2.md,Ventilador Maquet Servo-i,Ventilador Maquet Servo-i,manual_servicio,A,revisar,indeterminado,pendiente,"Manual tecnico/servicio; fuente prioritaria para mantenimiento, fallas y procedimientos. Requiere revision OCR antes de considerarse fuente confiable. Idioma indeterminado; requiere validacion.",Maquet Servo I Service Manual 2 of 2.pdf,Manuales-20260528T010304Z-3-001/Manuales/Ventiladores mecánicos/Maquet/Maquet Servo I Service Manual 2 of 2.pdf,Requiere revision OCR
maquet_servo_i_service_manual.md,Ventilador Maquet Servo-i,Ventilador Maquet Servo-i,manual_servicio,A,incluir,ingles,validado,"Manual tecnico/servicio; fuente prioritaria para mantenimiento, fallas y procedimientos.",Maquet-Servo-i-Service-Manual.pdf,Manuales-20260528T010304Z-3-001/Manuales/Ventiladores mecánicos/Maquet/Maquet-Servo-i-Service-Manual.pdf,Sin alerta automática
clave.md,Neumovent,,sin_clasificar,C,revisar,indeterminado,pendiente,Tipo documental no clasificado; requiere revision manual antes de activar. Idioma indeterminado; requiere validacion.,clave.jpg,Manuales-20260528T010304Z-3-001/Manuales/Ventiladores mecánicos/Neumovent/clave.jpg,Sin alerta automática
manual_de_usuario_neumovent_advance_ts_neo.md,Respirador Neumovent Graph,Respirador Neumovent Graph,sin_clasificar,C,revisar,espanol,pendiente,Presenta conflicto de carpeta/equipo; requiere validación manual antes de activar. Tipo documental no clasificado; requiere revision manual antes de activar.,Manual-de-usuario-Neumovent-advance-ts-neo.pdf,Manuales-20260528T010304Z-3-001/Manuales/Ventiladores mecánicos/Neumovent/Manual-de-usuario-Neumovent-advance-ts-neo.pdf,Conflicto carpeta / equipo
neumovent_graphnet_neo_ts_ventilator_service_manual_es.md,Respirador Neumovent Graph,Respirador Neumovent Graph,duplicado,C,excluir,espanol,pendiente,Documento marcado como duplicado; no se ingesta hasta confirmar necesidad.,Neumovent GraphNet Neo TS Ventilator - Service manual (es).pdf,Manuales-20260528T010304Z-3-001/Manuales/Ventiladores mecánicos/Neumovent/Neumovent GraphNet Neo TS Ventilator - Service manual (es).pdf,Duplicado exacto
newport_ht_70_ventilator_service_manual.md,HT70,HT70,manual_servicio,A,revisar,ingles,pendiente,"Manual tecnico/servicio; fuente prioritaria para mantenimiento, fallas y procedimientos. Requiere revision OCR antes de considerarse fuente confiable.",Newport HT-70 Ventilator - Service manual.pdf,Manuales-20260528T010304Z-3-001/Manuales/Ventiladores mecánicos/Newport HT-70 Ventilator - Service manual.pdf,Requiere revision OCR
limpieza_puritan_bennett_solve_valve.md,Equipo sin identificar,,sin_clasificar,C,revisar,indeterminado,pendiente,Tipo documental no clasificado; requiere revision manual antes de activar. Idioma indeterminado; requiere validacion.,limpieza Puritan Bennett solve valve.mp4,Manuales-20260528T010304Z-3-001/Manuales/Ventiladores mecánicos/Puritan Bennett/limpieza Puritan Bennett solve valve.mp4,Sin alerta automática
respimeradores.md,Equipo sin identificar,,sin_clasificar,C,revisar,espanol,pendiente,Tipo documental no clasificado; requiere revision manual antes de activar.,respimeradores.pdf,Manuales-20260528T010304Z-3-001/Manuales/Ventiladores mecánicos/respimeradores.pdf,Sin alerta automática
